parameter,term,level,reference_level,model_matrix_column,Mean,SD,Naive SE,Time-series SE,2.5%,25%,50%,75%,97.5%
beta[1],(Intercept),NA,GFC_Period=GFC; UrbanRural_f=Rural,(Intercept),0.6625785604390103,0.2687816281277612,0.004907258692284661,0.0051454028565370005,0.11321947052396227,0.5012276872223839,0.66565670526336,0.8293015492748652,1.1920646414869005
beta[2],GFC_Period,Pre-GFC,GFC,GFC_PeriodPre-GFC,0.26958930692990074,0.02666798649629547,4.8688859224213965e-4,8.321287276501256e-4,0.21748844394480626,0.25140166846328243,0.2696056192053184,0.2869146963248387,0.3234601401718904
beta[3],UrbanRural_f,Urban,Rural,UrbanRural_fUrban,-0.06142950540640556,0.03132783956676053,5.719654802872539e-4,9.925945200707277e-4,-0.12172850574186742,-0.08274677726226227,-0.061484286130997975,-0.0405662954687648,0.001628369123367472
